Workbook

Sheet 一覧
A1: No | B1: コード | C1: 会社名 | D1: 市場 | E1: 東証33業種 | F1: 区分 | G1: 主分類 | H1: 副分類 | I1: 主な事業 | J1: 分類の確度 | K1: 根拠（2026年10月に調査した34社）
A2: 1 | B2: 3231 | C2: 野村不動産ホールディングス | D2: プライム | E2: 不動産業 | F2: 不動産業 | G2: 総合デベ | H2: マンション | I2: 総合不動産（プラウド） | J2: 高
A3: 2 | B3: 3289 | C3: 東急不動産ホールディングス | D3: プライム | E3: 不動産業 | F3: 不動産業 | G3: 総合デベ | H3: マンション | I3: 総合不動産（ブランズ） | J3: 高
A4: 3 | B4: 8801 | C4: 三井不動産 | D4: プライム | E4: 不動産業 | F4: 不動産業 | G4: 総合デベ | H4: ビル・商業 | I4: 総合不動産（三井のリハウス） | J4: 高
A5: 4 | B5: 8802 | C5: 三菱地所 | D5: プライム | E5: 不動産業 | F5: 不動産業 | G5: 総合デベ | H5: ビル・商業 | I5: 総合不動産（丸の内） | J5: 高
A6: 5 | B6: 8804 | C6: 東京建物 | D6: プライム | E6: 不動産業 | F6: 不動産業 | G6: 総合デベ | H6: マンション | I6: 総合不動産（ブリリア） | J6: 高
A7: 6 | B7: 8830 | C7: 住友不動産 | D7: プライム | E7: 不動産業 | F7: 不動産業 | G7: 総合デベ | H7: マンション | I7: 総合不動産（住友不動産販売→ステップ） | J7: 高
A8: 7 | B8: 3284 | C8: フージャースホールディングス | D8: プライム | E8: 不動産業 | F8: 不動産業 | G8: マンション | I8: マンション分譲（シニア向け含む） | J8: 高
A9: 8 | B9: 8881 | C9: 日神グループホールディングス | D9: プライム | E9: 不動産業 | F9: 不動産業 | G9: マンション | I9: マンション分譲 | J9: 高
A10: 9 | B10: 8892 | C10: エスコン | D10: プライム | E10: 不動産業 | F10: 不動産業 | G10: マンション | H10: ビル・商業 | I10: マンション分譲・商業施設開発 | J10: 高
A11: 10 | B11: 8897 | C11: MIRARTHホールディングス | D11: プライム | E11: 不動産業 | F11: 不動産業 | G11: マンション | I11: マンション分譲（旧タカラレーベン） | J11: 高
A12: 11 | B12: 3236 | C12: プロパスト | D12: スタンダード | E12: 不動産業 | F12: 不動産業 | G12: マンション | H12: 投資用 | I12: マンション開発・収益不動産 | J12: 中
A13: 12 | B13: 3238 | C13: セントラル総合開発 | D13: スタンダード | E13: 不動産業 | F13: 不動産業 | G13: マンション | I13: マンション分譲 | J13: 中
A14: 13 | B14: 3246 | C14: コーセーアールイー | D14: スタンダード | E14: 不動産業 | F14: 不動産業 | G14: マンション | H14: 投資用 | I14: マンション分譲・投資用（福岡） | J14: 中
A15: 14 | B15: 3280 | C15: エストラスト | D15: スタンダード | E15: 不動産業 | F15: 不動産業 | G15: マンション | H15: 戸建て | I15: マンション・戸建て分譲（山口） | J15: 中
A16: 15 | B16: 5280 | C16: ヨシコン | D16: スタンダード | E16: 不動産業 | F16: 不動産業 | G16: マンション | I16: マンション分譲・収益不動産（静岡） | J16: 中
A17: 16 | B17: 8844 | C17: コスモスイニシア | D17: スタンダード | E17: 不動産業 | F17: 不動産業 | G17: マンション | H17: 投資用 | I17: マンション分譲・投資用 | J17: 高
A18: 17 | B18: 8869 | C18: 明和地所 | D18: スタンダード | E18: 不動産業 | F18: 不動産業 | G18: マンション | I18: マンション分譲 | J18: 中
A19: 18 | B19: 8871 | C19: ゴールドクレスト | D19: スタンダード | E19: 不動産業 | F19: 不動産業 | G19: マンション | I19: マンション分譲 | J19: 中
A20: 19 | B20: 8918 | C20: ランド | D20: スタンダード | E20: 不動産業 | F20: 不動産業 | G20: マンション | H20: ファンド・再生 | I20: マンション・不動産再生 | J20: 中
A21: 20 | B21: 8928 | C21: 穴吹興産 | D21: スタンダード | E21: 不動産業 | F21: 不動産業 | G21: マンション | I21: マンション分譲（香川） | J21: 高
A22: 21 | B22: 8931 | C22: 和田興産 | D22: スタンダード | E22: 不動産業 | F22: 不動産業 | G22: マンション | I22: マンション分譲（神戸） | J22: 中
A23: 22 | B23: 2986 | C23: LAホールディングス | D23: グロース | E23: 不動産業 | F23: 不動産業 | G23: マンション | H23: 投資用 | I23: 新築マンション・収益不動産の開発・再生 | J23: 中
A24: 23 | B24: 2995 | C24: ジェイレックス・コーポレーション | D24: PRO Market | E24: 不動産業 | F24: 不動産業 | G24: マンション | H24: 投資用 | I24: 自社ブランドマンション開発販売（東京） | J24: 中 | K24: https://jp.investing.com/equities/j-rex-corp
A25: 24 | B25: 3288 | C25: オープンハウスグループ | D25: プライム | E25: 不動産業 | F25: 不動産業 | G25: 戸建て | H25: マンション | I25: 都市型戸建て・マンション・投資用 | J25: 高
A26: 25 | B26: 3291 | C26: 飯田グループホールディングス | D26: プライム | E26: 不動産業 | F26: 不動産業 | G26: 戸建て | I26: 戸建て分譲（国内最大手） | J26: 高
A27: 26 | B27: 3465 | C27: ケイアイスター不動産 | D27: プライム | E27: 不動産業 | F27: 不動産業 | G27: 戸建て | I27: 戸建て分譲 | J27: 高
A28: 27 | B28: 8860 | C28: フジ住宅 | D28: プライム | E28: 不動産業 | F28: 不動産業 | G28: 戸建て | H28: マンション | I28: 戸建て・マンション分譲・賃貸管理（大阪） | J28: 高
A29: 28 | B29: 8999 | C29: グランディハウス | D29: プライム | E29: 不動産業 | F29: 不動産業 | G29: 戸建て | I29: 戸建て分譲（栃木） | J29: 高
A30: 29 | B30: 2984 | C30: ヤマイチエステート | D30: スタンダード | E30: 不動産業 | F30: 不動産業 | G30: 戸建て | H30: 注文住宅 | I30: 戸建て分譲・注文住宅（和歌山） | J30: 中
A31: 30 | B31: 2999 | C31: ホームポジション | D31: スタンダード | E31: 不動産業 | F31: 不動産業 | G31: 戸建て | I31: 戸建て分譲（東海） | J31: 中
A32: 31 | B32: 3293 | C32: アズマハウス | D32: スタンダード | E32: 不動産業 | F32: 不動産業 | G32: 戸建て | H32: アパート・賃貸住宅 | I32: 戸建て分譲・賃貸（和歌山） | J32: 中
A33: 32 | B33: 3467 | C33: アグレ都市デザイン | D33: スタンダード | E33: 不動産業 | F33: 不動産業 | G33: 戸建て | I33: 戸建て分譲 | J33: 中
A34: 33 | B34: 8904 | C34: AVANTIA | D34: スタンダード | E34: 不動産業 | F34: 不動産業 | G34: 戸建て | I34: 戸建て分譲（東海） | J34: 高
A35: 34 | B35: 8917 | C35: ファースト住建 | D35: スタンダード | E35: 不動産業 | F35: 不動産業 | G35: 戸建て | I35: 戸建て分譲（関西） | J35: 中
A36: 35 | B36: 8995 | C36: 誠建設工業 | D36: スタンダード | E36: 不動産業 | F36: 不動産業 | G36: 戸建て | I36: 戸建て分譲（大阪） | J36: 中
A37: 36 | B37: 8996 | C37: ハウスフリーダム | D37: スタンダード | E37: 不動産業 | F37: 不動産業 | G37: 戸建て | H37: 仲介 | I37: 戸建て分譲・仲介（福岡） | J37: 中
A38: 37 | B38: 2983 | C38: アールプランナー | D38: グロース | E38: 不動産業 | F38: 不動産業 | G38: 戸建て | H38: 注文住宅 | I38: 戸建て分譲・注文住宅（東京・名古屋） | J38: 中
A39: 38 | B39: 3261 | C39: グランディーズ | D39: グロース | E39: 不動産業 | F39: 不動産業 | G39: 戸建て | I39: 戸建て分譲（大分） | J39: 中
A40: 39 | B40: 3477 | C40: フォーライフ | D40: グロース | E40: 不動産業 | F40: 不動産業 | G40: 戸建て | I40: 戸建て分譲 | J40: 中
A41: 40 | B41: 172A | C41: ネオホーム | D41: PRO Market | E41: 不動産業 | F41: 不動産業 | G41: 戸建て | H41: 注文住宅 | I41: 企画戸建住宅の設計・請負・販売（熊本） | J41: 高 | K41: https://www2.jpx.co.jp/disc/172A0/140120240327560514.pdf
A42: 41 | B42: 310A | C42: サーティーフォー | D42: PRO Market | E42: 不動産業 | F42: 不動産業 | G42: 戸建て | H42: 注文住宅 | I42: 分譲・注文住宅の建築販売（神奈川） | J42: 中 | K42: https://webtan.impress.co.jp/r/prtimes/items/000000437.000081927
A43: 42 | B43: 2990 | C43: アイダ設計 | D43: PRO Market | E43: 不動産業 | F43: 不動産業 | G43: 注文住宅 | H43: 戸建て | I43: 注文住宅・分譲住宅 | J43: 高
A44: 43 | B44: 2992 | C44: アーバンライク | D44: PRO Market | E44: 不動産業 | F44: 不動産業 | G44: 注文住宅 | H44: 戸建て | I44: 注文住宅・戸建、福祉施設建築（熊本） | J44: 中 | K44: https://compalyze.co.jp/company/4330001017444
A45: 44 | B45: 1878 | C45: 大東建託 | D45: プライム | E45: 不動産業 | F45: 不動産業 | G45: アパート・賃貸住宅 | I45: 賃貸住宅の建築・一括借上げ・管理（いい部屋ネット） | J45: 高
A46: 45 | B46: 3276 | C46: JPMC | D46: プライム | E46: 不動産業 | F46: 不動産業 | G46: アパート・賃貸住宅 | I46: アパートの一括借上げ・管理 | J46: 高
A47: 46 | B47: 3480 | C47: ジェイ・エス・ビー | D47: プライム | E47: 不動産業 | F47: 不動産業 | G47: アパート・賃貸住宅 | I47: 学生マンションの管理 | J47: 高
A48: 47 | B48: 8848 | C48: レオパレス21 | D48: プライム | E48: 不動産業 | F48: 不動産業 | G48: アパート・賃貸住宅 | I48: アパートの一括借上げ・管理 | J48: 高
A49: 48 | B49: 1435 | C49: robot home | D49: スタンダード | E49: 不動産業 | F49: 不動産業 | G49: アパート・賃貸住宅 | H49: テック | I49: 投資用アパートの販売・賃貸管理DX | J49: 中
A50: 49 | B50: 2970 | C50: GLC GROUP | D50: スタンダード | E50: 不動産業 | F50: 不動産業 | G50: アパート・賃貸住宅 | H50: 投資用 | I50: 賃貸マンションの開発・管理（九州中心） | J50: 中
A51: 50 | B51: 2993 | C51: 長栄 | D51: スタンダード | E51: 不動産業 | F51: 不動産業 | G51: アパート・賃貸住宅 | I51: 賃貸管理（京都） | J51: 中
A52: 51 | B52: 3495 | C52: 香陵住販 | D52: スタンダード | E52: 不動産業 | F52: 不動産業 | G52: アパート・賃貸住宅 | H52: 仲介 | I52: 賃貸管理・仲介（茨城） | J52: 中
A53: 52 | B53: 5533 | C53: エリッツホールディングス | D53: スタンダード | E53: 不動産業 | F53: 不動産業 | G53: アパート・賃貸住宅 | H53: 仲介 | I53: 賃貸仲介・管理（京都） | J53: 中
A54: 53 | B54: 8891 | C54: AMGホールディングス | D54: スタンダード | E54: 不動産業 | F54: 不動産業 | G54: アパート・賃貸住宅 | I54: アパート・マンション建築販売（名古屋） | J54: 中
A55: 54 | B55: 8908 | C55: 毎日コムネット | D55: スタンダード | E55: 不動産業 | F55: 不動産業 | G55: アパート・賃貸住宅 | I55: 学生マンション | J55: 高
A56: 55 | B56: 8945 | C56: サンネクスタグループ | D56: スタンダード | E56: 不動産業 | F56: 不動産業 | G56: アパート・賃貸住宅 | I56: 社宅管理代行 | J56: 中
A57: 56 | B57: 3300 | C57: アンビション DX ホールディングス | D57: グロース | E57: 不動産業 | F57: 不動産業 | G57: アパート・賃貸住宅 | H57: 投資用 | I57: 賃貸管理・サブリース・投資用 | J57: 中
A58: 57 | B58: 139A | C58: 東日本地所 | D58: PRO Market | E58: 不動産業 | F58: 不動産業 | G58: アパート・賃貸住宅 | I58: 地主向け戸建賃貸の建築・管理（埼玉） | J58: 中 | K58: https://mynavi-agent.jp/corpdetail/41968/
A59: 58 | B59: 166A | C59: タスキホールディングス | D59: プライム | E59: 不動産業 | F59: 不動産業 | G59: 投資用 | H59: テック | I59: 投資用新築アパート・IoTレジデンス開発 | J59: 中
A60: 59 | B60: 2982 | C60: ADワークスグループ | D60: プライム | E60: 不動産業 | F60: 不動産業 | G60: 投資用 | I60: 一棟収益不動産の販売（富裕層向け） | J60: 高
A61: 60 | B61: 3245 | C61: ディア・ライフ | D61: プライム | E61: 不動産業 | F61: 不動産業 | G61: 投資用 | H61: マンション | I61: 都市型マンション開発・売却 | J61: 中
A62: 61 | B62: 3475 | C62: グッドコムアセット | D62: プライム | E62: 不動産業 | F62: 不動産業 | G62: 投資用 | I62: 投資用マンション | J62: 高
A63: 62 | B63: 3486 | C63: グローバル・リンク・マネジメント | D63: プライム | E63: 不動産業 | F63: 不動産業 | G63: 投資用 | I63: 投資用マンション | J63: 高
A64: 63 | B64: 5535 | C64: ミガロホールディングス | D64: プライム | E64: 不動産業 | F64: 不動産業 | G64: 投資用 | H64: テック | I64: 投資用マンション・不動産DX | J64: 中
A65: 64 | B65: 8877 | C65: エスリード | D65: プライム | E65: 不動産業 | F65: 不動産業 | G65: 投資用 | H65: マンション | I65: 投資用・分譲マンション（関西） | J65: 高
A66: 65 | B66: 8935 | C66: FJネクストホールディングス | D66: プライム | E66: 不動産業 | F66: 不動産業 | G66: 投資用 | I66: 投資用マンション（ガーラ） | J66: 高
A67: 66 | B67: 146A | C67: コロンビア・ワークス | D67: スタンダード | E67: 不動産業 | F67: 不動産業 | G67: 投資用 | H67: マンション | I67: レジデンス・ホテル等の開発 | J67: 中
A68: 67 | B68: 3242 | C68: アーバネットコーポレーション | D68: スタンダード | E68: 不動産業 | F68: 不動産業 | G68: 投資用 | I68: 投資用ワンルームマンション開発 | J68: 高
A69: 68 | B69: 3248 | C69: アールエイジ | D69: スタンダード | E69: 不動産業 | F69: 不動産業 | G69: 投資用 | H69: アパート・賃貸住宅 | I69: 投資用マンション開発・賃貸管理 | J69: 中
A70: 69 | B70: 3469 | C70: デュアルタップ | D70: スタンダード | E70: 不動産業 | F70: 不動産業 | G70: 投資用 | I70: 投資用マンション | J70: 中
A71: 70 | B71: 3489 | C71: フェイスネットワーク | D71: スタンダード | E71: 不動産業 | F71: 不動産業 | G71: 投資用 | I71: 一棟RCマンション（投資用） | J71: 中
A72: 71 | B72: 8887 | C72: シーラホールディングス | D72: スタンダード | E72: 不動産業 | F72: 不動産業 | G72: 投資用 | I72: 投資用マンション | J72: 中
A73: 72 | B73: 8927 | C73: 明豊エンタープライズ | D73: スタンダード | E73: 不動産業 | F73: 不動産業 | G73: 投資用 | I73: 収益マンション開発 | J73: 中
A74: 73 | B74: 2985 | C74: ファーストステージ | D74: PRO Market | E74: 不動産業 | F74: 不動産業 | G74: 投資用 | H74: マンション | I74: 投資用マンション開発・販売（大阪） | J74: 高 | K74: https://www2.jpx.co.jp/disc/29850/140120230119591164.pdf
A75: 74 | B75: 370A | C75: リバイブル | D75: PRO Market | E75: 不動産業 | F75: 不動産業 | G75: 投資用 | I75: 投資用不動産の企画・開発・販売・管理（東京都千代田区） | J75: 中 | K75: https://careerconnection.jp/job/A0223015478349-detail
A76: 75 | B76: 5528 | C76: フロンティアハウス | D76: PRO Market | E76: 不動産業 | F76: 不動産業 | G76: 投資用 | H76: アパート・賃貸住宅 | I76: 投資用一棟マンション・アパート開発（神奈川県横浜市） | J76: 中 | K76: https://compalyze.co.jp/company/5020001035096
A77: 76 | B77: 5536 | C77: 京橋アートレジデンス | D77: PRO Market | E77: 不動産業 | F77: 不動産業 | G77: 投資用 | H77: マンション | I77: 新築一棟収益マンション開発販売（東京23区） | J77: 中 | K77: https://minkabu.jp/news/4606582
A78: 77 | B78: 617A | C78: レイシャス | D78: PRO Market | E78: 不動産業 | F78: 不動産業 | G78: 投資用 | H78: マンション | I78: 投資用マンションの開発・販売（所在地不明） | J78: 高 | K78: https://nihon-ma.co.jp/tokyopromarket/news/w4r-s3mdvc
A79: 78 | B79: 2975 | C79: スター・マイカ・ホールディングス | D79: プライム | E79: 不動産業 | F79: 不動産業 | G79: 買取再販 | I79: 賃貸中の中古マンションの買取再販 | J79: 高
A80: 79 | B80: 8919 | C80: カチタス | D80: プライム | E80: 不動産業 | F80: 不動産業 | G80: 買取再販 | I80: 中古戸建ての買取再販 | J80: 高
A81: 80 | B81: 2991 | C81: ランドネット | D81: スタンダード | E81: 不動産業 | F81: 不動産業 | G81: 買取再販 | H81: 投資用 | I81: 中古投資用マンションの買取再販 | J81: 高
A82: 81 | B82: 3277 | C82: サンセイランディック | D82: スタンダード | E82: 不動産業 | F82: 不動産業 | G82: 買取再販 | I82: 底地・居抜きなど権利調整型の買取再販 | J82: 高
A83: 82 | B83: 3297 | C83: 東武住販 | D83: スタンダード | E83: 不動産業 | F83: 不動産業 | G83: 買取再販 | H83: 仲介 | I83: 中古住宅の買取再販・仲介（山口） | J83: 中
A84: 83 | B84: 3299 | C84: ムゲンエステート | D84: スタンダード | E84: 不動産業 | F84: 不動産業 | G84: 買取再販 | H84: 投資用 | I84: 中古収益物件の買取再販 | J84: 高
A85: 84 | B85: 3490 | C85: アズ企画設計 | D85: スタンダード | E85: 不動産業 | F85: 不動産業 | G85: 買取再販 | I85: 空室ビル再生・不動産販売 | J85: 中
A86: 85 | B86: 463A | C86: インテリックスホールディングス | D86: スタンダード | E86: 不動産業 | F86: 不動産業 | G86: 買取再販 | I86: 中古マンションのリノベ再販 | J86: 高
A87: 86 | B87: 5527 | C87: property technologies | D87: グロース | E87: 不動産業 | F87: 不動産業 | G87: 買取再販 | H87: テック | I87: 中古マンション買取再販×テック | J87: 中
A88: 87 | B88: 5537 | C88: AlbaLink | D88: グロース | E88: 不動産業 | F88: 不動産業 | G88: 買取再販 | I88: 訳あり物件の買取再販 | J88: 中
A89: 88 | B89: 301A | C89: インデックス | D89: PRO Market | E89: 不動産業 | F89: 不動産業 | G89: 買取再販 | I89: 中古住宅の仕入・リノベ販売（東京） | J89: 中 | K89: https://www.nihon-ma.co.jp/tokyopromarket/news/i4455tq1-r
A90: 89 | B90: 445A | C90: 東洋コーポレーション | D90: PRO Market | E90: 不動産業 | F90: 不動産業 | G90: 買取再販 | I90: 不動産再生事業（千葉県八千代市） | J90: 中 | K90: https://www.jpx.co.jp/equities/products/tpm/issues/um3qrc0000027s1w-att/um3qrc0000027s2i.pdf
A91: 90 | B91: 490A | C91: センス・トラスト | D91: PRO Market | E91: 不動産業 | F91: 不動産業 | G91: 買取再販 | I91: 不動産買取・再生加工・販売（大阪府大阪市） | J91: 高 | K91: https://www.nihon-ma.co.jp/tokyopromarket/info/2dbkutf_u
A92: 91 | B92: 524A | C92: 田村ビルズグループ | D92: PRO Market | E92: 不動産業 | F92: 不動産業 | G92: 買取再販 | H92: 仲介 | I92: 買取再販・仲介・管理・産廃処理（山口県・福岡県） | J92: 高 | K92: https://www.jpx.co.jp/equities/products/tpm/issues/t13vrt000000nuo7-att/t13vrt000000nuot.pdf
A93: 92 | B93: 5531 | C93: エヌバイテクノロジーズ | D93: PRO Market | E93: 不動産業 | F93: 不動産業 | G93: 買取再販 | H93: 仲介 | I93: 買取再販・仲介・賃貸管理（愛知県名古屋市）※旧中山不動産 | J93: 中 | K93: https://mynavi-agent.jp/corpdetail/21152/
A94: 93 | B94: 561A | C94: マークスライフ | D94: PRO Market | E94: 不動産業 | F94: 不動産業 | G94: 買取再販 | H94: 仲介 | I94: 不動産買取・仲介・活用コンサル（所在地不明） | J94: 高 | K94: https://www.jpx.co.jp/equities/products/tpm/issues/t13vrt000000shtq-att/t13vrt000000shue.pdf
A95: 94 | B95: 595A | C95: 不二興産 | D95: PRO Market | E95: 不動産業 | F95: 不動産業 | G95: 買取再販 | H95: 投資用 | I95: 収益不動産の再生・販売（愛知県名古屋市） | J95: 高 | K95: https://prtimes.jp/main/html/rd/p/000000602.000081927.html
A96: 95 | B96: 8921 | C96: シーズクリエイト | D96: PRO Market | E96: 不動産業 | F96: 不動産業 | G96: 買取再販 | H96: マンション | I96: 中古マンション買取再販・一棟開発（東京都渋谷区） | J96: 中 | K96: https://compalyze.co.jp/company/2011001035180
A97: 96 | B97: 3003 | C97: ヒューリック | D97: プライム | E97: 不動産業 | F97: 不動産業 | G97: ビル・商業 | I97: オフィス・商業ビル賃貸 | J97: 高
A98: 97 | B98: 8803 | C98: 平和不動産 | D98: プライム | E98: 不動産業 | F98: 不動産業 | G98: ビル・商業 | I98: ビル賃貸（兜町など） | J98: 高
A99: 98 | B99: 8818 | C99: 京阪神ビルディング | D99: プライム | E99: 不動産業 | F99: 不動産業 | G99: ビル・商業 | I99: ビル賃貸（関西） | J99: 中
A100: 99 | B100: 8934 | C100: サンフロンティア不動産 | D100: プライム | E100: 不動産業 | F100: 不動産業 | G100: ビル・商業 | H100: ファンド・再生 | I100: オフィス再生・ホテル | J100: 高
...

Sheet 分類別の社数
A1: 分類 | B1: 主分類の社数 | C1: 副分類も含む社数 | D1: うちプライム（主分類）
A2: 総合デベ | B2: =COUNTIF(一覧!$G$2:$G$178,A2) | C2: =COUNTIF(一覧!$G$2:$G$178,A2)+COUNTIF(一覧!$H$2:$H$178,A2) | D2: =COUNTIFS(一覧!$G$2:$G$178,A2,一覧!$D$2:$D$178,"プライム")
A3: マンション | B3: =COUNTIF(一覧!$G$2:$G$178,A3) | C3: =COUNTIF(一覧!$G$2:$G$178,A3)+COUNTIF(一覧!$H$2:$H$178,A3) | D3: =COUNTIFS(一覧!$G$2:$G$178,A3,一覧!$D$2:$D$178,"プライム")
A4: 戸建て | B4: =COUNTIF(一覧!$G$2:$G$178,A4) | C4: =COUNTIF(一覧!$G$2:$G$178,A4)+COUNTIF(一覧!$H$2:$H$178,A4) | D4: =COUNTIFS(一覧!$G$2:$G$178,A4,一覧!$D$2:$D$178,"プライム")
A5: 注文住宅 | B5: =COUNTIF(一覧!$G$2:$G$178,A5) | C5: =COUNTIF(一覧!$G$2:$G$178,A5)+COUNTIF(一覧!$H$2:$H$178,A5) | D5: =COUNTIFS(一覧!$G$2:$G$178,A5,一覧!$D$2:$D$178,"プライム")
A6: アパート・賃貸住宅 | B6: =COUNTIF(一覧!$G$2:$G$178,A6) | C6: =COUNTIF(一覧!$G$2:$G$178,A6)+COUNTIF(一覧!$H$2:$H$178,A6) | D6: =COUNTIFS(一覧!$G$2:$G$178,A6,一覧!$D$2:$D$178,"プライム")
A7: 投資用 | B7: =COUNTIF(一覧!$G$2:$G$178,A7) | C7: =COUNTIF(一覧!$G$2:$G$178,A7)+COUNTIF(一覧!$H$2:$H$178,A7) | D7: =COUNTIFS(一覧!$G$2:$G$178,A7,一覧!$D$2:$D$178,"プライム")
A8: 買取再販 | B8: =COUNTIF(一覧!$G$2:$G$178,A8) | C8: =COUNTIF(一覧!$G$2:$G$178,A8)+COUNTIF(一覧!$H$2:$H$178,A8) | D8: =COUNTIFS(一覧!$G$2:$G$178,A8,一覧!$D$2:$D$178,"プライム")
A9: ビル・商業 | B9: =COUNTIF(一覧!$G$2:$G$178,A9) | C9: =COUNTIF(一覧!$G$2:$G$178,A9)+COUNTIF(一覧!$H$2:$H$178,A9) | D9: =COUNTIFS(一覧!$G$2:$G$178,A9,一覧!$D$2:$D$178,"プライム")
A10: 仲介 | B10: =COUNTIF(一覧!$G$2:$G$178,A10) | C10: =COUNTIF(一覧!$G$2:$G$178,A10)+COUNTIF(一覧!$H$2:$H$178,A10) | D10: =COUNTIFS(一覧!$G$2:$G$178,A10,一覧!$D$2:$D$178,"プライム")
A11: ファンド・再生 | B11: =COUNTIF(一覧!$G$2:$G$178,A11) | C11: =COUNTIF(一覧!$G$2:$G$178,A11)+COUNTIF(一覧!$H$2:$H$178,A11) | D11: =COUNTIFS(一覧!$G$2:$G$178,A11,一覧!$D$2:$D$178,"プライム")
A12: テック | B12: =COUNTIF(一覧!$G$2:$G$178,A12) | C12: =COUNTIF(一覧!$G$2:$G$178,A12)+COUNTIF(一覧!$H$2:$H$178,A12) | D12: =COUNTIFS(一覧!$G$2:$G$178,A12,一覧!$D$2:$D$178,"プライム")
A13: 駐車場・スペース | B13: =COUNTIF(一覧!$G$2:$G$178,A13) | C13: =COUNTIF(一覧!$G$2:$G$178,A13)+COUNTIF(一覧!$H$2:$H$178,A13) | D13: =COUNTIFS(一覧!$G$2:$G$178,A13,一覧!$D$2:$D$178,"プライム")
A14: その他 | B14: =COUNTIF(一覧!$G$2:$G$178,A14) | C14: =COUNTIF(一覧!$G$2:$G$178,A14)+COUNTIF(一覧!$H$2:$H$178,A14) | D14: =COUNTIFS(一覧!$G$2:$G$178,A14,一覧!$D$2:$D$178,"プライム")
A15: 合計 | B15: =SUM(B2:B14) | D15: =SUM(D2:D14)
A17: 区分別
A18: 不動産業 | B18: =COUNTIF(一覧!$F$2:$F$178,A18)
A19: 住宅関連（他業種） | B19: =COUNTIF(一覧!$F$2:$F$178,A19)

Sheet 注記
A1: 注記
A2: 出典：日本取引所グループ（JPX）「東証上場銘柄一覧」2026年8月末時点（data_j.xls）をGitHub上の公開ミラーから取得（JPXサイトはこの作業環境から直接接続できなかったため）。
A3: 収録範囲①：東証33業種で「不動産業」に分類される全161社（プライム・スタンダード・グロース・TOKYO PRO Market）。
A4: 収録範囲②：業種は「建設業」「化学」「サービス業」「情報・通信業」だが住宅・不動産が主力／大きな柱の16社（大東建託以外のアパート・注文住宅系、長谷工など）。
A5: 「主分類」「副分類」「主な事業」はClaudeの知識による分類で、各社IRでの裏取りはしていない。2026年10月、当初「要確認」だった34社（主にTOKYO PRO Market）を検索で調査し、分類・事業内容を更新した（緑色の行。K列に根拠URL）。検索結果の抜粋に基づく判断で、各社の開示書類の精読まではしていない。
A6: 非上場の会社（例：一条工務店、ミサワホーム、東急リバブル単体など上場親会社の子会社）とJ-REITは含まない。
A7: 「分類別の社数」シートは一覧シートを数える式で作っているので、分類を書き換えると自動で集計が変わる。
A8: 2026年8月末以降の新規上場・上場廃止は反映されていない。
A9: 調査メモ：5531エヌバイテクノロジーズは2026年6月に中山不動産から社名変更。8938グローム・ホールディングスは医療関連が主力で不動産は縮小中。561Aマークスライフ・617Aレイシャスは本社所在地を確認できず。
